<?xml version="1.0" encoding="UTF-8"?>
<suite name="WDCProject" verbose="1">
    <parameter name="appURL" value="http://wdc.live1.dev.radixweb.net"></parameter>
    <parameter name="emailID" value="roopal.patel@radixweb.com"></parameter>
    <parameter name="password" value="Admin@123"></parameter>
    <test name="WDCProject" preserve-order="true">
        <classes>
            <class name="WDC.Test.Dashboard_Test"/>
            <methods>
                <include name="Dashboard"></include>
            </methods>
            <class name="WDC.Test.CreateEvent_Test_excel"/>
            <methods>
                <include name="CreateEvent"/>
                </methods>
        </classes>
    </test>
</suite>

        <!--<test name="runPackageWise" hshah907@gmail.com,132456  >-->
        <!--<packages>-->
        <!--<package name="LearningTestNG" />-->
        <!--</packages>-->
        <!--</test>-->

        <!--<test name="runClassWise">-->
        <!--<classes>-->
        <!--<class name="LearningTestNG.CandidateTest"/>-->
        <!--<class name="LearningTestNG.PositionTest"/>-->
        <!--</classes>-->
        <!--</test>-->


        <!--<test name="runGroupWise">-->
        <!--<groups>-->
        <!--<run>-->
        <!--<include name="smoke"></include>-->
        <!--<exclude name="regression"></exclude>-->
        <!--</run>-->
        <!--</groups>-->
        <!--<classes>-->
        <!--<class name="LearningTestNG.CandidateTest"/>-->
        <!--<class name="LearningTestNG.PositionTest"/>-->
        <!--</classes>-->
        <!--</test>-->



